Producto,Precio
Café Molido COTO Paquete 250 Gr,Precio no encontrado
Café Molido COTO Paquete 500 Gr,Precio no encontrado
Té CIUDAD DEL LAGO Caja 25 Saquitos,"$619,00"
Mate Cocido CIUDAD DEL LAGO Caja 25 Saquitos,"$839,00"
Mate Cocido CIUDAD DEL LAGO Caja 50 Saquitos,"$1.592,00"
Té CIUDAD DEL LAGO Caja 50 Saquitos,"$1.184,00"
Nescafé® Gold  Espresso X 100gr,"$16.459,00"
Nescafé Decafeinado X 100gr,"$10.119,00"
Nescafé Dolce Gusto Mocha X 16u.,"$16.715,00"
Yerba Mate Listo Taragui Paq 1 Uni,"$1.091,00"
Botella Térmica Mate Listo Taragui 1u.,"$1.888,00"
Mate Cocido TARAGUI Caja 40 Saquitos,"$2.607,00"
